{"mut_order_pb": 0.02463380708696967, "mut_res_pb": 0.007769516477159669}